Filename,Title,Description,Category
Perform Technical Review.pdf,Perform Technical Review,Explains how to perform a Technical Review,ISIS Proposals
ISIS User Documentation for Proposals.pdf,ISIS User Documentation for Proposals,"Describes FAP Secretary Tasks, including, how to assign reviewers",ISIS Proposals
FAP Reviewer_Review a Proposal.pdf,FAP Reviewer Review a Review a Proposal,Illustrates how to perform a FAP Review,ISIS Proposals
FAP Secretary_Tasks.pdf,FAP Secretary Tasks,"Provides an overview of the Proposal System, covering how to create and manage your proposals",ISIS Proposals
Test.pdf,Blah,A description,CLF Proposals
Test.pdf,Blah,A description,CLF Proposals
Test.pdf,Blah,A description,CLF Proposals
Test.pdf,Blah,A description,CLF Proposals
Test.pdf,Blah,A description,CLF Proposals
Test.pdf,Blah,A description,CLF Proposals
Test.pdf,Blah,A description,CLF Proposals
Test.pdf,Blah,A description,CLF Proposals
Test.pdf,Blah,A description,CLF Proposals
Test.pdf,Blah,A description,CLF Proposals
Test.pdf,Blah,A description,Visits
Test.pdf,Blah,A description,Visits
Test.pdf,Blah,A description,Visits
Test.pdf,Blah,A description,Scheduler
Test.pdf,Blah,A description,Scheduler
Test.pdf,Blah,A description,Risk Assessments
Test.pdf,Blah,A description,Risk Assessments
Test.pdf,Blah,A description,Risk Assessments
Test.pdf,Blah,A description,Risk Assessments
Test.pdf,Blah,A description,Risk Assessments
Test.pdf,Blah,A description,Safety Tests
Test.pdf,Blah,A description,ISIS Consumables
Test.pdf,Blah,A description,Data Catalogue
Test.pdf,Blah,A description,Experiment Reports
Test.pdf,Blah,A description,Ada
Test.pdf,Blah,A description,Ada
Test.pdf,Blah,A description,Ada
Test.pdf,Blah,A description,Ada
